epoch,time,train/box_loss,train/pose_loss,train/kobj_loss,train/cls_loss,train/dfl_loss,metrics/precision(B),metrics/recall(B),metrics/mAP50(B),metrics/mAP50-95(B),metrics/precision(P),metrics/recall(P),metrics/mAP50(P),metrics/mAP50-95(P),val/box_loss,val/pose_loss,val/kobj_loss,val/cls_loss,val/dfl_loss,lr/pg0,lr/pg1,lr/pg2
1,69.4494,1.34032,0.4622,0.55314,1.2025,1.26373,0.93158,0.88559,0.95521,0.70743,0.00521,0.00742,0.00027,0.00025,0.96597,0.01756,0.00547,0.62576,0.93816,0.0033284,0.0033284,0.0033284
2,129.297,1.08028,0.28609,0.3897,0.75774,1.06832,0.93261,0.8591,0.93658,0.67691,0.00485,0.00763,0.0002,0.00019,1.04718,0.02203,0.00754,0.6915,0.98315,0.00666101,0.00666101,0.00666101
3,185.584,1.11981,0.28107,0.3904,0.79738,1.09193,0.93978,0.84386,0.92098,0.61395,0.00284,0.0053,0.00016,0.0001,1.20352,0.04018,0.01689,0.82026,1.0392,0.00999072,0.00999072,0.00999072
4,242.854,1.13229,0.29381,0.40258,0.81009,1.10575,0.92671,0.85742,0.92807,0.65634,0.00287,0.0053,0.0002,0.00015,1.0535,0.03,0.01881,0.76573,1.02309,0.00999023,0.00999023,0.00999023
5,298.821,1.05609,0.23792,0.34767,0.75625,1.08729,0.94293,0.85614,0.93716,0.74647,0.00423,0.00593,0.00017,0.00015,0.83648,0.0323,0.01117,0.61595,0.97291,0.00998264,0.00998264,0.00998264
6,354.592,1.02029,0.21099,0.35097,0.73053,1.07925,0.93898,0.87267,0.94721,0.74284,0.00484,0.00657,0.00047,0.00042,0.88815,0.02022,0.00278,0.61687,0.97974,0.00997288,0.00997288,0.00997288
7,410.27,0.97398,0.17311,0.3118,0.68655,1.05953,0.94511,0.86568,0.94648,0.74128,0.00423,0.00636,0.00036,0.00032,0.87594,0.02209,0.00956,0.60356,0.96609,0.00996097,0.00996097,0.00996097
8,465.374,0.93885,0.16129,0.27011,0.65443,1.04388,0.94986,0.87733,0.95631,0.72107,0.0053,0.0072,0.00043,0.00041,0.93198,0.01339,0.00955,0.58039,0.97148,0.0099469,0.0099469,0.0099469
9,523.404,0.91527,0.15642,0.27085,0.64573,1.03847,0.94945,0.87521,0.95078,0.75843,0.00445,0.00593,0.00029,0.00026,0.83647,0.01511,0.00982,0.57885,0.95762,0.00993068,0.00993068,0.00993068
10,575.006,0.89444,0.14008,0.25162,0.62762,1.0335,0.94533,0.88289,0.95773,0.77454,0.00684,0.00742,0.00034,0.0003,0.78589,0.01618,0.00276,0.56332,0.94314,0.00991232,0.00991232,0.00991232
11,626.481,0.87574,0.13142,0.24607,0.61796,1.02257,0.95711,0.87415,0.95796,0.75799,0.00402,0.00593,0.00036,0.00032,0.84268,0.03289,0.01049,0.5672,0.95175,0.00989183,0.00989183,0.00989183
12,680.612,0.86336,0.11916,0.22874,0.60756,1.02004,0.94409,0.89084,0.96111,0.79445,0.00542,0.00678,0.00055,0.00053,0.71262,0.01583,0.0038,0.50474,0.91865,0.00986922,0.00986922,0.00986922
13,736.121,0.83122,0.1183,0.20014,0.58643,1.00721,0.95392,0.89407,0.96645,0.80613,0.00535,0.00742,0.00044,0.0004,0.69825,0.01989,0.01442,0.48748,0.91177,0.00984449,0.00984449,0.00984449
14,790.386,0.82938,0.10536,0.20514,0.58408,1.00748,0.95578,0.89068,0.96255,0.79976,0.00404,0.00614,0.00043,0.0004,0.69709,0.02012,0.00809,0.50946,0.91433,0.00981765,0.00981765,0.00981765
15,844.064,0.81299,0.0987,0.17718,0.57118,1.00306,0.95276,0.88881,0.96545,0.81038,0.00656,0.00742,0.00041,0.00039,0.67979,0.01291,0.00562,0.49,0.90866,0.00978873,0.00978873,0.00978873
16,897.669,0.80586,0.10086,0.19243,0.56545,0.99837,0.94479,0.89979,0.96403,0.8057,0.00512,0.00699,0.00065,0.0006,0.69975,0.01856,0.00807,0.48962,0.91422,0.00975773,0.00975773,0.00975773
17,949.785,0.79342,0.10068,0.17094,0.55393,0.99415,0.95256,0.89761,0.96781,0.8093,0.00622,0.00699,0.00042,0.00041,0.68059,0.01602,0.00531,0.47812,0.90346,0.00972466,0.00972466,0.00972466
18,1004.61,0.78075,0.09833,0.18804,0.54653,0.98813,0.95294,0.89597,0.9682,0.82898,0.00509,0.00678,0.00054,0.00052,0.6352,0.01176,0.00871,0.46572,0.89365,0.00968955,0.00968955,0.00968955
19,1057.26,0.78415,0.0945,0.17375,0.54655,0.98651,0.96103,0.8882,0.96786,0.83179,0.00567,0.00763,0.00053,0.00051,0.61141,0.0188,0.01131,0.46242,0.89059,0.00965239,0.00965239,0.00965239
20,1109.25,0.76365,0.0961,0.16725,0.53535,0.98257,0.95711,0.89004,0.96544,0.84443,0.005,0.00699,0.00065,0.00058,0.59393,0.01708,0.00898,0.45822,0.88905,0.00961322,0.00961322,0.00961322
21,1164.08,0.75954,0.09157,0.17433,0.53283,0.97965,0.95566,0.89386,0.9645,0.80446,0.0045,0.00614,0.00027,0.00023,0.69664,0.0269,0.01642,0.49037,0.90861,0.00957205,0.00957205,0.00957205
22,1221.1,0.75056,0.09584,0.15019,0.52622,0.9772,0.95076,0.90551,0.96955,0.83348,0.00636,0.00763,0.0007,0.00066,0.61167,0.01539,0.00324,0.44364,0.88761,0.00952889,0.00952889,0.00952889
23,1275.16,0.75006,0.08903,0.18183,0.52697,0.9779,0.95816,0.89873,0.96885,0.82286,0.00637,0.00784,0.00063,0.00062,0.65757,0.01363,0.00641,0.45425,0.89923,0.00948377,0.00948377,0.00948377
24,1329.05,0.7516,0.08097,0.17463,0.52144,0.9776,0.95554,0.89695,0.96732,0.83737,0.00536,0.0072,0.00054,0.00051,0.61956,0.01593,0.01178,0.44622,0.89174,0.00943671,0.00943671,0.00943671
25,1381.07,0.73899,0.08084,0.16842,0.51823,0.97509,0.95634,0.90028,0.97122,0.85351,0.00546,0.00657,0.00065,0.00061,0.57202,0.01826,0.00845,0.42333,0.88495,0.00938772,0.00938772,0.00938772
26,1432.34,0.73524,0.08906,0.16058,0.5159,0.97352,0.95297,0.90212,0.9727,0.85411,0.00589,0.00742,0.00061,0.00056,0.56826,0.02458,0.00541,0.43237,0.8842,0.00933683,0.00933683,0.00933683
27,1484.6,0.72579,0.07914,0.14956,0.5051,0.96904,0.94426,0.90803,0.97222,0.84859,0.00612,0.00742,0.00066,0.00059,0.57543,0.02347,0.00545,0.42757,0.88014,0.00928405,0.00928405,0.00928405
28,1537.52,0.71851,0.07584,0.1608,0.50114,0.96562,0.95254,0.90805,0.9729,0.84367,0.00595,0.00763,0.00063,0.00061,0.59069,0.01297,0.00712,0.42424,0.87958,0.00922942,0.00922942,0.00922942
29,1592.08,0.71925,0.07405,0.14671,0.50172,0.96641,0.94658,0.91985,0.97262,0.85187,0.00642,0.00805,0.00065,0.00063,0.5687,0.00945,0.00412,0.41279,0.87675,0.00917296,0.00917296,0.00917296
30,1648.21,0.71533,0.0778,0.16484,0.4975,0.96463,0.94297,0.91773,0.97429,0.864,0.00593,0.00742,0.00069,0.00065,0.5462,0.01471,0.003,0.41222,0.87212,0.00911469,0.00911469,0.00911469
31,1707.15,0.70812,0.07003,0.13261,0.48973,0.96181,0.94963,0.91463,0.97285,0.84888,0.00662,0.00763,0.00066,0.00064,0.58019,0.01005,0.00453,0.41478,0.87772,0.00905463,0.00905463,0.00905463
32,1763.34,0.70069,0.07142,0.13528,0.48673,0.95731,0.95022,0.91737,0.97432,0.86041,0.00651,0.00742,0.00078,0.00075,0.56076,0.01258,0.00364,0.40378,0.87351,0.00899282,0.00899282,0.00899282
33,1815.64,0.7022,0.06861,0.14347,0.48758,0.95892,0.9543,0.91133,0.97382,0.85379,0.00595,0.00742,0.00072,0.00071,0.5719,0.01167,0.00634,0.4029,0.8739,0.00892928,0.00892928,0.00892928
34,1869.13,0.69842,0.07275,0.12317,0.48541,0.95845,0.95658,0.90996,0.97354,0.85179,0.00625,0.0072,0.00064,0.00061,0.57188,0.01213,0.00527,0.40266,0.86921,0.00886404,0.00886404,0.00886404
35,1921.85,0.69524,0.06576,0.13407,0.48203,0.95925,0.95343,0.91512,0.97562,0.86252,0.00677,0.00805,0.00072,0.00068,0.54702,0.0155,0.00283,0.39212,0.86888,0.00879713,0.00879713,0.00879713
36,1975.42,0.69065,0.0684,0.13998,0.47945,0.95451,0.94224,0.92669,0.97556,0.86932,0.00682,0.00847,0.00074,0.0007,0.52316,0.01635,0.00496,0.39272,0.86432,0.00872857,0.00872857,0.00872857
37,2027.6,0.68893,0.06351,0.13309,0.47617,0.95502,0.95065,0.92055,0.97745,0.87171,0.0059,0.0072,0.00071,0.00066,0.52059,0.01335,0.00374,0.38541,0.8638,0.00865839,0.00865839,0.00865839
38,2080.97,0.68553,0.06632,0.13646,0.47301,0.9531,0.95321,0.91992,0.97525,0.86906,0.00551,0.0072,0.00079,0.00075,0.52948,0.01495,0.00329,0.38641,0.86466,0.00858664,0.00858664,0.00858664
39,2136.17,0.68999,0.06226,0.12234,0.48039,0.95626,0.95296,0.91949,0.97399,0.86806,0.0063,0.00805,0.0007,0.00068,0.53935,0.01449,0.00649,0.39195,0.86865,0.00851333,0.00851333,0.00851333
40,2187.27,0.67309,0.06207,0.13662,0.46463,0.94728,0.95284,0.91716,0.97568,0.86963,0.00591,0.00699,0.00071,0.00066,0.52825,0.01609,0.01161,0.38816,0.86571,0.00843851,0.00843851,0.00843851
41,2238.34,0.679,0.06454,0.13696,0.47074,0.95077,0.96052,0.91292,0.9752,0.87776,0.00564,0.0072,0.00087,0.0008,0.509,0.01901,0.00904,0.3822,0.86233,0.0083622,0.0083622,0.0083622
42,2289.51,0.67733,0.06094,0.12695,0.46755,0.95045,0.95734,0.91843,0.97656,0.87332,0.0056,0.00742,0.00087,0.0008,0.52961,0.02241,0.00479,0.3836,0.86527,0.00828443,0.00828443,0.00828443
43,2340.62,0.67338,0.06032,0.12418,0.46581,0.94838,0.95563,0.92013,0.97745,0.87751,0.00642,0.00784,0.0008,0.00078,0.51075,0.01089,0.00307,0.37649,0.8589,0.00820525,0.00820525,0.00820525
44,2392.01,0.67343,0.06191,0.1353,0.46314,0.94736,0.95155,0.92368,0.97588,0.87384,0.00665,0.00805,0.00087,0.00083,0.51828,0.01261,0.00556,0.37906,0.86354,0.00812468,0.00812468,0.00812468
45,2443.1,0.66538,0.06097,0.12709,0.45713,0.94739,0.95162,0.92691,0.97686,0.87432,0.00699,0.00805,0.00085,0.00081,0.52379,0.01355,0.00368,0.37248,0.86244,0.00804277,0.00804277,0.00804277
46,2493.77,0.66453,0.06572,0.11581,0.45598,0.94496,0.95209,0.92564,0.97858,0.87534,0.00605,0.00784,0.00087,0.00081,0.52524,0.01023,0.00405,0.37313,0.86413,0.00795954,0.00795954,0.00795954
47,2544.14,0.66007,0.05924,0.1264,0.45481,0.94386,0.95563,0.92712,0.97909,0.87801,0.00586,0.00742,0.00089,0.00085,0.51581,0.02078,0.00585,0.36495,0.85971,0.00787503,0.00787503,0.00787503
48,2594.78,0.65652,0.05489,0.12573,0.45087,0.94217,0.95749,0.92119,0.97879,0.87894,0.00594,0.00763,0.00089,0.00083,0.50721,0.01337,0.00428,0.36761,0.85789,0.00778929,0.00778929,0.00778929
49,2645.64,0.65965,0.05059,0.09994,0.45399,0.944,0.95677,0.91914,0.97785,0.87517,0.00559,0.0072,0.00084,0.00078,0.51661,0.01423,0.00646,0.36856,0.85775,0.00770234,0.00770234,0.00770234
50,2697,0.65556,0.05652,0.11044,0.45197,0.9449,0.95161,0.92499,0.97719,0.87533,0.00601,0.00763,0.00086,0.00081,0.51968,0.01343,0.00556,0.3663,0.86083,0.00761423,0.00761423,0.00761423
51,2748.19,0.64978,0.0565,0.11417,0.44769,0.93995,0.94891,0.9322,0.97944,0.87974,0.00608,0.00784,0.00083,0.00079,0.50246,0.01659,0.00924,0.35929,0.85693,0.007525,0.007525,0.007525
52,2800.18,0.64832,0.05648,0.11485,0.44374,0.93869,0.9544,0.92712,0.97898,0.88484,0.00607,0.00699,0.00088,0.00083,0.49459,0.01854,0.00643,0.35783,0.85626,0.00743468,0.00743468,0.00743468
53,2856.49,0.64184,0.05194,0.11705,0.44253,0.93658,0.95859,0.9221,0.97795,0.88218,0.00619,0.00784,0.00087,0.00082,0.49738,0.01651,0.01182,0.35858,0.85841,0.00734332,0.00734332,0.00734332
54,2912.33,0.64362,0.05244,0.1124,0.43899,0.93789,0.96215,0.92309,0.97765,0.88413,0.00628,0.00763,0.00091,0.00089,0.49726,0.01371,0.00842,0.35631,0.85727,0.00725094,0.00725094,0.00725094
55,2968.32,0.63866,0.05083,0.11112,0.43617,0.93504,0.95981,0.92754,0.97901,0.88277,0.00648,0.00763,0.00091,0.00089,0.50173,0.01055,0.0065,0.35537,0.85467,0.00715761,0.00715761,0.00715761
56,3024.29,0.6406,0.04949,0.1022,0.44161,0.93622,0.95469,0.92966,0.97892,0.88221,0.00667,0.00763,0.00093,0.00091,0.49871,0.01375,0.00724,0.35664,0.85344,0.00706335,0.00706335,0.00706335
57,3083.68,0.63325,0.04953,0.10916,0.4323,0.93373,0.95216,0.93136,0.97878,0.88672,0.00667,0.00763,0.00095,0.00092,0.48733,0.01997,0.00646,0.34961,0.85088,0.0069682,0.0069682,0.0069682
58,3148.11,0.63303,0.05149,0.07763,0.43533,0.9349,0.95562,0.92607,0.97745,0.88585,0.00683,0.00805,0.00094,0.0009,0.48604,0.0149,0.00707,0.35071,0.85196,0.00687222,0.00687222,0.00687222
59,3211.49,0.63198,0.04872,0.0988,0.43176,0.93375,0.95528,0.92778,0.97923,0.88507,0.0069,0.00763,0.00094,0.0009,0.49059,0.01249,0.00688,0.34911,0.85025,0.00677543,0.00677543,0.00677543
60,3264.61,0.62915,0.04704,0.10372,0.43059,0.93215,0.96032,0.92479,0.97907,0.88752,0.00689,0.00784,0.00093,0.00089,0.47998,0.01305,0.0042,0.34713,0.8485,0.00667789,0.00667789,0.00667789
61,3316.24,0.62761,0.04725,0.10184,0.43057,0.93235,0.95774,0.92648,0.97795,0.88595,0.00642,0.00763,0.00092,0.00085,0.48258,0.01896,0.00607,0.34484,0.84917,0.00657963,0.00657963,0.00657963
62,3367.89,0.62708,0.04587,0.09356,0.42743,0.93061,0.95918,0.9259,0.97813,0.8831,0.00666,0.00763,0.00093,0.00087,0.4914,0.01798,0.00792,0.34683,0.84999,0.00648071,0.00648071,0.00648071
63,3419.25,0.62132,0.04563,0.08931,0.42268,0.92897,0.95758,0.92786,0.97856,0.88653,0.00669,0.00742,0.00096,0.00092,0.48832,0.01551,0.00772,0.3437,0.85113,0.00638115,0.00638115,0.00638115
64,3471.05,0.62131,0.04659,0.10048,0.42077,0.92853,0.95669,0.93157,0.97939,0.88707,0.00634,0.00742,0.00097,0.00094,0.48754,0.01517,0.00672,0.34254,0.85092,0.00628101,0.00628101,0.00628101
65,3523.62,0.61674,0.04798,0.10521,0.4248,0.9302,0.95218,0.93581,0.97892,0.88803,0.00657,0.00763,0.00094,0.00091,0.48533,0.01448,0.00633,0.34327,0.85011,0.00618034,0.00618034,0.00618034
66,3575.98,0.61864,0.04435,0.08608,0.42251,0.92857,0.95317,0.9357,0.97859,0.88776,0.00646,0.00784,0.00094,0.00091,0.48425,0.01341,0.0056,0.34108,0.85025,0.00607916,0.00607916,0.00607916
67,3631.49,0.6164,0.04494,0.09474,0.41844,0.92704,0.9551,0.93288,0.97956,0.8892,0.00633,0.00784,0.00097,0.0009,0.48279,0.01645,0.00782,0.34001,0.84975,0.00597754,0.00597754,0.00597754
68,3686.07,0.61491,0.04471,0.09693,0.41853,0.92823,0.9586,0.9322,0.98047,0.88907,0.00657,0.00805,0.00095,0.00087,0.48283,0.01624,0.00673,0.34003,0.84868,0.00587551,0.00587551,0.00587551
69,3739.68,0.60977,0.04374,0.08692,0.41703,0.92313,0.96011,0.93072,0.98001,0.89098,0.00681,0.00805,0.00099,0.0009,0.48109,0.01699,0.00718,0.33496,0.84932,0.00577311,0.00577311,0.00577311
70,3791.81,0.61017,0.04325,0.10132,0.4136,0.92357,0.95869,0.93412,0.98074,0.89321,0.00663,0.00805,0.00101,0.00094,0.47562,0.01588,0.00666,0.33294,0.84697,0.0056704,0.0056704,0.0056704
71,3844.08,0.60571,0.04188,0.09282,0.41094,0.92526,0.95581,0.93559,0.98149,0.89355,0.00688,0.00805,0.00102,0.00094,0.47149,0.01593,0.00916,0.33263,0.84588,0.00556742,0.00556742,0.00556742
72,3897.13,0.60574,0.03997,0.09897,0.41327,0.92413,0.95895,0.93263,0.98083,0.89389,0.00654,0.00784,0.00098,0.00093,0.47003,0.01733,0.00966,0.33224,0.84489,0.00546421,0.00546421,0.00546421
73,3948.41,0.60656,0.04461,0.10178,0.4116,0.92482,0.95861,0.93236,0.98072,0.8937,0.00664,0.00784,0.00095,0.00091,0.46877,0.0168,0.00937,0.33166,0.8437,0.00536081,0.00536081,0.00536081
74,3999.58,0.60004,0.04205,0.08277,0.40867,0.92453,0.95879,0.93164,0.98025,0.89375,0.00641,0.00784,0.00091,0.00087,0.4645,0.01658,0.00934,0.33157,0.84319,0.00525728,0.00525728,0.00525728
75,4050.42,0.59837,0.04269,0.07896,0.40534,0.92214,0.96231,0.93008,0.97948,0.89396,0.00689,0.00784,0.00092,0.00088,0.46357,0.01496,0.00865,0.33096,0.84301,0.00515366,0.00515366,0.00515366
76,4100.98,0.60042,0.04125,0.08886,0.40928,0.92243,0.96193,0.93178,0.9804,0.89543,0.00663,0.00784,0.00093,0.00088,0.46147,0.01382,0.00929,0.32958,0.84245,0.00505,0.00505,0.00505
77,4152.02,0.59793,0.04245,0.09082,0.40354,0.92125,0.95681,0.9341,0.98088,0.89575,0.0068,0.00784,0.00093,0.00089,0.46113,0.01416,0.00925,0.32823,0.84298,0.00494634,0.00494634,0.00494634
78,4203.99,0.59631,0.03813,0.08669,0.40419,0.92152,0.95704,0.93444,0.98106,0.89636,0.00671,0.00763,0.00093,0.00089,0.45964,0.01402,0.0091,0.32833,0.84295,0.00484272,0.00484272,0.00484272
79,4257.95,0.58982,0.03578,0.08166,0.39973,0.92012,0.95729,0.93555,0.9814,0.89612,0.0067,0.00763,0.00094,0.0009,0.46112,0.01358,0.00902,0.32876,0.84339,0.00473919,0.00473919,0.00473919
80,4312.42,0.58867,0.04034,0.08187,0.3998,0.92089,0.95809,0.93469,0.98177,0.89631,0.0069,0.00784,0.00096,0.00092,0.46094,0.01408,0.0085,0.32806,0.8436,0.00463579,0.00463579,0.00463579
81,4366.73,0.58486,0.03655,0.08053,0.3955,0.91774,0.9578,0.93475,0.9814,0.89638,0.00711,0.00805,0.00098,0.00094,0.46025,0.01462,0.00821,0.32798,0.84353,0.00453258,0.00453258,0.00453258
82,4424.42,0.58733,0.03745,0.07541,0.39731,0.91831,0.95433,0.93856,0.98141,0.89635,0.00709,0.00805,0.00102,0.00095,0.46,0.01483,0.00756,0.32731,0.84334,0.0044296,0.0044296,0.0044296
83,4476.39,0.58411,0.03954,0.08285,0.39425,0.91783,0.95748,0.93503,0.98125,0.89644,0.00704,0.00805,0.00103,0.00098,0.45966,0.0142,0.00714,0.32629,0.84265,0.00432689,0.00432689,0.00432689
84,4529.73,0.57919,0.03668,0.09191,0.39195,0.91756,0.9521,0.93904,0.9817,0.89632,0.00712,0.00805,0.00104,0.00098,0.45966,0.01344,0.00656,0.32475,0.84244,0.00422449,0.00422449,0.00422449
85,4581.82,0.57991,0.03409,0.07777,0.39161,0.9169,0.95171,0.93944,0.98157,0.8963,0.00713,0.00805,0.00104,0.00099,0.45973,0.01311,0.00632,0.32399,0.84189,0.00412246,0.00412246,0.00412246
86,4635.76,0.57971,0.03455,0.07194,0.39161,0.91584,0.95248,0.93877,0.9816,0.89628,0.00693,0.00784,0.00105,0.00101,0.46048,0.0133,0.006,0.32355,0.84224,0.00402084,0.00402084,0.00402084
87,4688.2,0.57928,0.03545,0.08146,0.39224,0.91787,0.95904,0.9322,0.98151,0.89668,0.0069,0.00784,0.00107,0.00102,0.46121,0.01336,0.0061,0.32445,0.84243,0.00391966,0.00391966,0.00391966
88,4740.82,0.57659,0.03578,0.07377,0.38972,0.91535,0.95368,0.93792,0.98148,0.89662,0.00709,0.00805,0.00108,0.00103,0.46192,0.01396,0.00633,0.32402,0.84297,0.00381899,0.00381899,0.00381899
89,4793.26,0.57347,0.03397,0.07533,0.3866,0.91498,0.95198,0.94078,0.98133,0.8969,0.00709,0.00805,0.0011,0.00106,0.46227,0.01428,0.00666,0.32314,0.84341,0.00371885,0.00371885,0.00371885
90,4845.98,0.56719,0.03258,0.07281,0.38007,0.91058,0.95706,0.93505,0.98074,0.89701,0.00713,0.00805,0.00111,0.00107,0.46132,0.01432,0.0067,0.32217,0.84325,0.00361929,0.00361929,0.00361929
91,4898.42,0.57133,0.03311,0.07041,0.38448,0.91378,0.95333,0.93921,0.98126,0.89785,0.0072,0.00805,0.00112,0.00106,0.45977,0.0142,0.00658,0.32083,0.84249,0.00352037,0.00352037,0.00352037
92,4951.8,0.56898,0.03232,0.06797,0.3799,0.91466,0.95559,0.93729,0.98141,0.8978,0.00724,0.00805,0.00112,0.00106,0.45928,0.01406,0.00661,0.32057,0.84243,0.00342211,0.00342211,0.00342211
93,5004.34,0.56272,0.03242,0.05852,0.37793,0.9109,0.9593,0.93381,0.98117,0.89843,0.00727,0.00805,0.00112,0.00106,0.45821,0.01403,0.00656,0.32012,0.84209,0.00332457,0.00332457,0.00332457
94,5057.56,0.56462,0.03133,0.0679,0.37949,0.91041,0.95829,0.93602,0.98108,0.89897,0.00726,0.00805,0.00112,0.00107,0.45745,0.01409,0.00661,0.31962,0.84189,0.00322778,0.00322778,0.00322778
95,5110.54,0.563,0.03048,0.07024,0.37654,0.91034,0.95874,0.93544,0.98122,0.89918,0.00728,0.00805,0.00113,0.00107,0.45694,0.01433,0.00662,0.31912,0.84185,0.0031318,0.0031318,0.0031318
96,5163.15,0.56367,0.03369,0.07498,0.37918,0.91205,0.95712,0.9375,0.98105,0.89882,0.00737,0.00805,0.00113,0.00108,0.45716,0.01471,0.00671,0.31873,0.84172,0.00303665,0.00303665,0.00303665
97,5217.38,0.55444,0.02968,0.07158,0.37153,0.90741,0.95643,0.9375,0.98112,0.89919,0.00738,0.00805,0.00112,0.00106,0.45662,0.01507,0.00682,0.31798,0.84147,0.00294239,0.00294239,0.00294239
98,5271.28,0.55342,0.02906,0.05611,0.372,0.90766,0.95768,0.93665,0.9812,0.89955,0.00737,0.00805,0.00113,0.00107,0.45598,0.01502,0.00688,0.31755,0.84122,0.00284906,0.00284906,0.00284906
99,5325.33,0.55275,0.02968,0.07616,0.37128,0.908,0.95776,0.93672,0.98141,0.8996,0.00737,0.00805,0.00113,0.00107,0.45552,0.01508,0.00696,0.31711,0.84129,0.00275668,0.00275668,0.00275668
100,5379.96,0.54863,0.02893,0.06238,0.36685,0.905,0.95755,0.93668,0.98128,0.89974,0.00737,0.00805,0.00113,0.00108,0.45492,0.01518,0.00704,0.31706,0.84095,0.00266532,0.00266532,0.00266532
101,5433.97,0.54762,0.02953,0.06763,0.36547,0.90551,0.95777,0.93699,0.98125,0.9001,0.00738,0.00805,0.00114,0.00109,0.4546,0.01524,0.00708,0.31632,0.84087,0.002575,0.002575,0.002575
102,5488.19,0.54983,0.027,0.06187,0.36718,0.90543,0.95758,0.93732,0.98133,0.90022,0.00731,0.00805,0.00114,0.0011,0.45435,0.01469,0.00701,0.31576,0.84072,0.00248577,0.00248577,0.00248577
103,5542.92,0.54973,0.02957,0.05711,0.36974,0.90737,0.9575,0.93729,0.98128,0.90009,0.00729,0.00805,0.00115,0.0011,0.45415,0.01485,0.00702,0.31542,0.84063,0.00239766,0.00239766,0.00239766
104,5594.19,0.54422,0.02799,0.06411,0.3646,0.90486,0.9577,0.93729,0.9815,0.90038,0.0073,0.00805,0.00115,0.00111,0.45387,0.01476,0.00685,0.31507,0.84058,0.00231071,0.00231071,0.00231071
105,5645.24,0.54649,0.02854,0.0673,0.3656,0.90488,0.9588,0.9375,0.98139,0.90059,0.0073,0.00805,0.00115,0.00111,0.45367,0.0147,0.00661,0.31521,0.84042,0.00222497,0.00222497,0.00222497
106,5695.69,0.54561,0.02537,0.05934,0.36367,0.90372,0.95887,0.9384,0.9815,0.90089,0.00729,0.00805,0.00116,0.00111,0.45367,0.01489,0.00655,0.31499,0.84042,0.00214046,0.00214046,0.00214046
107,5746.31,0.54037,0.02743,0.06447,0.35989,0.90236,0.95887,0.93848,0.98153,0.90087,0.00728,0.00805,0.00117,0.00111,0.45324,0.01486,0.00645,0.31447,0.84028,0.00205723,0.00205723,0.00205723
108,5797.57,0.54662,0.02637,0.05546,0.36572,0.90628,0.95907,0.93817,0.98193,0.90088,0.00728,0.00805,0.00117,0.00111,0.45315,0.01485,0.00639,0.31396,0.84017,0.00197532,0.00197532,0.00197532
109,5848.06,0.53304,0.02777,0.05738,0.35869,0.89972,0.95915,0.93814,0.98245,0.9011,0.00727,0.00805,0.00117,0.00111,0.45286,0.01481,0.00633,0.3136,0.84018,0.00189475,0.00189475,0.00189475
110,5900.78,0.52936,0.02515,0.05606,0.35421,0.89988,0.96009,0.93771,0.98213,0.90121,0.00727,0.00805,0.00117,0.00111,0.4525,0.01464,0.00621,0.31361,0.84012,0.00181557,0.00181557,0.00181557
111,5954.93,0.53266,0.02647,0.05565,0.35333,0.90093,0.96027,0.93708,0.98197,0.90146,0.00727,0.00805,0.00117,0.00112,0.45229,0.01466,0.00622,0.31315,0.84015,0.0017378,0.0017378,0.0017378
112,6008.99,0.53599,0.02467,0.06028,0.35567,0.90283,0.96028,0.93728,0.98197,0.90172,0.00726,0.00805,0.00117,0.00112,0.45206,0.0146,0.00627,0.31269,0.84005,0.00166149,0.00166149,0.00166149
113,6062.64,0.53546,0.02353,0.05046,0.35645,0.90161,0.96109,0.93664,0.98197,0.9018,0.00726,0.00805,0.00118,0.00113,0.45146,0.0146,0.00624,0.31247,0.83997,0.00158667,0.00158667,0.00158667
114,6116.65,0.52857,0.02429,0.05403,0.35217,0.89919,0.9615,0.93643,0.98197,0.90205,0.00731,0.00784,0.00118,0.00113,0.45125,0.01463,0.0062,0.31251,0.83995,0.00151336,0.00151336,0.00151336
115,6170.37,0.52637,0.0247,0.04639,0.35327,0.90024,0.96182,0.93623,0.98199,0.90213,0.00733,0.00784,0.00118,0.00113,0.45081,0.01463,0.00616,0.31228,0.83983,0.00144161,0.00144161,0.00144161
116,6224.41,0.52531,0.02571,0.06839,0.35043,0.89876,0.96173,0.93623,0.98204,0.90226,0.00736,0.00784,0.00118,0.00113,0.45043,0.01469,0.00616,0.31217,0.83967,0.00137143,0.00137143,0.00137143
117,6278.69,0.52487,0.0241,0.04611,0.35024,0.89901,0.96151,0.93644,0.98203,0.90216,0.00738,0.00784,0.00118,0.00113,0.45001,0.01467,0.00624,0.31214,0.83968,0.00130287,0.00130287,0.00130287
118,6334.81,0.52545,0.02352,0.05629,0.35088,0.89894,0.96152,0.93623,0.98213,0.90197,0.00739,0.00784,0.00118,0.00114,0.44966,0.01468,0.00628,0.31211,0.83955,0.00123596,0.00123596,0.00123596
119,6390.71,0.52255,0.02351,0.05595,0.34853,0.8975,0.96133,0.93686,0.98187,0.90212,0.00742,0.00784,0.00118,0.00114,0.4495,0.01456,0.00626,0.31189,0.83947,0.00117072,0.00117072,0.00117072
120,6447.16,0.51767,0.02175,0.05677,0.34518,0.8969,0.96144,0.9375,0.98189,0.90224,0.00743,0.00784,0.00119,0.00114,0.44923,0.01461,0.00627,0.31196,0.83945,0.00110718,0.00110718,0.00110718
121,6503.31,0.52081,0.02289,0.05171,0.34736,0.89756,0.96154,0.9375,0.98189,0.90211,0.00743,0.00784,0.00119,0.00114,0.44892,0.01461,0.00628,0.31184,0.83928,0.00104537,0.00104537,0.00104537
122,6561.97,0.52067,0.02359,0.05295,0.34445,0.89668,0.96156,0.93792,0.9823,0.9023,0.00744,0.00784,0.00119,0.00115,0.44867,0.01459,0.00628,0.31146,0.83922,0.000985311,0.000985311,0.000985311
123,6620.04,0.51771,0.02318,0.04258,0.34743,0.8969,0.96165,0.93771,0.98231,0.90243,0.00745,0.00784,0.00119,0.00115,0.44842,0.0146,0.00628,0.31162,0.83915,0.00092704,0.00092704,0.00092704
124,6678,0.51721,0.02265,0.04354,0.34397,0.89561,0.96134,0.93787,0.98235,0.90244,0.00745,0.00784,0.0012,0.00115,0.4482,0.01455,0.00624,0.31159,0.83906,0.000870577,0.000870577,0.000870577
125,6737.29,0.51475,0.02431,0.04553,0.34139,0.89729,0.96144,0.93771,0.98236,0.90262,0.00746,0.00784,0.0012,0.00116,0.44803,0.01456,0.00623,0.31158,0.83895,0.000815947,0.000815947,0.000815947
126,6794.6,0.51539,0.02133,0.04019,0.34297,0.89745,0.96186,0.93771,0.98235,0.90264,0.00746,0.00784,0.0012,0.00116,0.44802,0.01452,0.00621,0.31133,0.83891,0.000763174,0.000763174,0.000763174
127,6851.39,0.51676,0.02186,0.04678,0.3437,0.89799,0.96087,0.93835,0.98242,0.90257,0.00749,0.00784,0.00121,0.00116,0.4478,0.0145,0.00616,0.31111,0.83891,0.000712282,0.000712282,0.000712282
128,6910.92,0.51132,0.02157,0.03946,0.33773,0.89265,0.96134,0.93773,0.9824,0.90258,0.00749,0.00784,0.00121,0.00117,0.44753,0.01495,0.006,0.31114,0.83884,0.000663292,0.000663292,0.000663292
129,6971.51,0.51127,0.02015,0.04701,0.33975,0.89398,0.96114,0.93794,0.98246,0.90266,0.00752,0.00784,0.00121,0.00117,0.44731,0.01444,0.00607,0.31093,0.83884,0.000616227,0.000616227,0.000616227
130,7029.9,0.51101,0.02088,0.04142,0.34014,0.89467,0.96138,0.9388,0.98249,0.90266,0.00752,0.00784,0.00121,0.00117,0.44711,0.0144,0.00605,0.31068,0.83874,0.000571106,0.000571106,0.000571106
131,7087.79,0.50967,0.02084,0.04632,0.33852,0.8946,0.96073,0.93898,0.98251,0.90283,0.00729,0.00805,0.00122,0.00118,0.44689,0.01488,0.00598,0.31058,0.83862,0.00052795,0.00052795,0.00052795
132,7147.84,0.50653,0.0217,0.0441,0.33719,0.89416,0.96118,0.93941,0.98257,0.90299,0.00754,0.00784,0.00122,0.00118,0.44652,0.01491,0.006,0.31043,0.83856,0.000486777,0.000486777,0.000486777
133,7207.38,0.50894,0.02211,0.04397,0.33832,0.89566,0.96138,0.93962,0.98259,0.90309,0.00755,0.00784,0.00122,0.00118,0.44642,0.01429,0.00612,0.31045,0.83843,0.000447606,0.000447606,0.000447606
134,7262.59,0.51104,0.02155,0.05015,0.33849,0.89381,0.96096,0.93962,0.98274,0.90353,0.00725,0.00805,0.00122,0.00118,0.44619,0.01436,0.00614,0.31029,0.8384,0.000410454,0.000410454,0.000410454
135,7319.04,0.50303,0.02023,0.04181,0.33272,0.89064,0.96095,0.93919,0.98274,0.90317,0.00725,0.00805,0.00122,0.00119,0.44592,0.01441,0.00619,0.31024,0.83826,0.000375337,0.000375337,0.000375337
136,7375.84,0.49942,0.0199,0.03272,0.33143,0.89031,0.96097,0.93919,0.98274,0.90335,0.00756,0.00784,0.00122,0.00119,0.44574,0.01435,0.00618,0.31017,0.83819,0.00034227,0.00034227,0.00034227
137,7432.48,0.50644,0.02025,0.03415,0.33759,0.8936,0.96118,0.93919,0.98261,0.90297,0.00757,0.00784,0.00122,0.00119,0.44568,0.01435,0.00617,0.30998,0.83824,0.000311268,0.000311268,0.000311268
138,7493.24,0.50182,0.01983,0.04389,0.33347,0.89162,0.96138,0.93878,0.98261,0.90309,0.00759,0.00784,0.00122,0.00119,0.44553,0.0146,0.00622,0.30994,0.83817,0.000282345,0.000282345,0.000282345
139,7553.9,0.50345,0.02076,0.03624,0.33449,0.89396,0.96177,0.93856,0.9826,0.90314,0.00761,0.00784,0.00123,0.00119,0.44533,0.01456,0.0062,0.30974,0.83813,0.000255513,0.000255513,0.000255513
140,7604.98,0.49981,0.02041,0.03725,0.33259,0.89065,0.96234,0.93835,0.98259,0.90324,0.00762,0.00784,0.00123,0.00119,0.44527,0.0147,0.0062,0.30979,0.83799,0.000230784,0.000230784,0.000230784
141,7673.79,0.42812,0.00995,0.04746,0.27231,0.83964,0.9622,0.93846,0.98214,0.90361,0.00762,0.00784,0.00123,0.00119,0.44502,0.0147,0.00615,0.30982,0.83784,0.000208169,0.000208169,0.000208169
142,7727.78,0.42057,0.00939,0.04445,0.26569,0.83603,0.96155,0.93771,0.9821,0.90318,0.00761,0.00784,0.00123,0.00119,0.44491,0.01464,0.00608,0.30965,0.83774,0.000187678,0.000187678,0.000187678
143,7784.67,0.41595,0.00913,0.04578,0.26297,0.83502,0.96158,0.93857,0.98211,0.90315,0.0076,0.00784,0.00123,0.00119,0.44433,0.01481,0.00605,0.3094,0.83735,0.00016932,0.00016932,0.00016932
144,7839.74,0.41317,0.00896,0.03826,0.26011,0.83316,0.96193,0.93674,0.98209,0.90391,0.00758,0.00784,0.00122,0.00119,0.444,0.01484,0.00601,0.30918,0.8373,0.000153102,0.000153102,0.000153102
145,7899.34,0.41644,0.0093,0.04081,0.26134,0.83657,0.96197,0.93771,0.98227,0.90383,0.00755,0.00784,0.00122,0.00119,0.44359,0.01491,0.00595,0.30925,0.83718,0.000139032,0.000139032,0.000139032
146,7955.62,0.41544,0.00899,0.04738,0.25975,0.8347,0.96219,0.93806,0.9823,0.90387,0.00753,0.00784,0.00122,0.00119,0.4434,0.0161,0.0059,0.30911,0.8371,0.000127117,0.000127117,0.000127117
147,8013.06,0.41116,0.0093,0.04727,0.25804,0.83475,0.96238,0.9377,0.98242,0.90375,0.00751,0.00784,0.00122,0.00119,0.44296,0.0162,0.00582,0.30902,0.83704,0.00011736,0.00011736,0.00011736
148,8068.11,0.41166,0.0089,0.04303,0.25825,0.83479,0.9622,0.93792,0.98215,0.90432,0.00749,0.00784,0.00122,0.00119,0.44263,0.01624,0.00577,0.30875,0.83692,0.000109768,0.000109768,0.000109768
149,8122.16,0.40739,0.00929,0.04494,0.2569,0.83202,0.96197,0.93791,0.9822,0.90352,0.00747,0.00784,0.00122,0.00119,0.44218,0.01631,0.00573,0.30838,0.83689,0.000104342,0.000104342,0.000104342
150,8181.03,0.40909,0.00949,0.0403,0.25822,0.8347,0.96238,0.93768,0.98223,0.9039,0.00747,0.00784,0.00122,0.00119,0.44189,0.01631,0.00571,0.30813,0.83676,0.000101086,0.000101086,0.000101086
