epoch,time,train/box_loss,train/pose_loss,train/kobj_loss,train/cls_loss,train/dfl_loss,metrics/precision(B),metrics/recall(B),metrics/mAP50(B),metrics/mAP50-95(B),metrics/precision(P),metrics/recall(P),metrics/mAP50(P),metrics/mAP50-95(P),val/box_loss,val/pose_loss,val/kobj_loss,val/cls_loss,val/dfl_loss,lr/pg0,lr/pg1,lr/pg2,lr/pg3,lr/pg4,lr/pg5,lr/pg6,lr/pg7
1,91.9814,1.16075,0,0.18593,0.91863,1.14298,0.94458,0.94078,0.97424,0.73186,0,0,0,0,0.83611,0,0.01445,0.47777,0.875,0.00998322,0.00332774,0.00998322,0.00332774,0.00998322,0.00332774,0.00998322,0.00332774
2,155.413,0.93508,0,0.00845,0.57544,0.9826,0.95186,0.93158,0.97565,0.79917,0,0,0,0,0.68269,0,0.00157,0.48943,0.855,0.0199811,0.00666035,0.0199811,0.00666035,0.0199811,0.00666035,0.0199811,0.00666035
3,203.711,0.93872,0,0.00217,0.57853,0.99221,0.94829,0.9009,0.96437,0.70503,0,0,0,0,0.93105,0,0.00159,0.54974,0.93013,0.0299702,0.00999007,0.0299702,0.00999007,0.0299702,0.00999007,0.0299702,0.00999007
4,257.778,0.87149,0,0.00095,0.54441,0.97281,0.96187,0.94269,0.9777,0.78445,0,0,0,0,0.74108,0,0.00047,0.42648,0.8626,0.0299707,0.00999023,0.0299707,0.00999023,0.0299707,0.00999023,0.0299707,0.00999023
5,311.9,0.78972,0,0.00044,0.48902,0.9478,0.95893,0.94481,0.98369,0.80744,0,0,0,0,0.6361,0,0.00024,0.3924,0.84771,0.0299479,0.00998264,0.0299479,0.00998264,0.0299479,0.00998264,0.0299479,0.00998264
6,360.468,0.74075,0,0.00022,0.46533,0.93464,0.95826,0.95135,0.97867,0.81943,0,0,0,0,0.59651,0,0.00049,0.36192,0.83415,0.0299187,0.00997288,0.0299187,0.00997288,0.0299187,0.00997288,0.0299187,0.00997288
7,410.217,0.70379,0,0.00015,0.44267,0.92414,0.95891,0.9575,0.98735,0.84703,0,0,0,0,0.53163,0,0.00017,0.34949,0.82394,0.0298829,0.00996097,0.0298829,0.00996097,0.0298829,0.00996097,0.0298829,0.00996097
8,458.83,0.67262,0,9e-05,0.42256,0.91594,0.96408,0.94662,0.98535,0.85431,0,0,0,0,0.51687,0,0.00083,0.33264,0.81813,0.0298407,0.0099469,0.0298407,0.0099469,0.0298407,0.0099469,0.0298407,0.0099469
9,504.639,0.65423,0,7e-05,0.41072,0.90791,0.96343,0.95704,0.98983,0.84833,0,0,0,0,0.53289,0,0.00037,0.32897,0.82028,0.029792,0.00993068,0.029792,0.00993068,0.029792,0.00993068,0.029792,0.00993068
10,559.169,0.6388,0,5e-05,0.39977,0.90312,0.97099,0.95115,0.98872,0.85839,0,0,0,0,0.50474,0,3e-05,0.31547,0.81406,0.029737,0.00991232,0.029737,0.00991232,0.029737,0.00991232,0.029737,0.00991232
11,611.297,0.62293,0,3e-05,0.39185,0.90016,0.96973,0.95481,0.98774,0.86235,0,0,0,0,0.49631,0,0.00057,0.30656,0.8124,0.0296755,0.00989183,0.0296755,0.00989183,0.0296755,0.00989183,0.0296755,0.00989183
12,666.1,0.60989,0,9e-05,0.38329,0.89651,0.97175,0.95733,0.98833,0.86613,0,0,0,0,0.4914,0,0.00011,0.3022,0.80928,0.0296076,0.00986922,0.0296076,0.00986922,0.0296076,0.00986922,0.0296076,0.00986922
13,720.767,0.5966,0,4e-05,0.37712,0.89276,0.96933,0.95873,0.9904,0.88063,0,0,0,0,0.45335,0,1e-05,0.29256,0.80473,0.0295335,0.00984449,0.0295335,0.00984449,0.0295335,0.00984449,0.0295335,0.00984449
14,777.178,0.58922,0,3e-05,0.37036,0.89145,0.96866,0.95662,0.98985,0.87404,0,0,0,0,0.47385,0,0.00048,0.29215,0.80715,0.029453,0.00981765,0.029453,0.00981765,0.029453,0.00981765,0.029453,0.00981765
15,832.198,0.58236,0,1e-05,0.37056,0.89036,0.97029,0.95609,0.98921,0.87962,0,0,0,0,0.45229,0,1e-05,0.28203,0.80521,0.0293662,0.00978873,0.0293662,0.00978873,0.0293662,0.00978873,0.0293662,0.00978873
16,888.661,0.57447,0,2e-05,0.36105,0.8876,0.96675,0.9588,0.98982,0.8878,0,0,0,0,0.44024,0,0.00037,0.28408,0.80152,0.0292732,0.00975773,0.0292732,0.00975773,0.0292732,0.00975773,0.0292732,0.00975773
17,936.804,0.56768,0,1e-05,0.35715,0.88644,0.964,0.96121,0.98879,0.88451,0,0,0,0,0.44758,0,2e-05,0.28784,0.80184,0.029174,0.00972466,0.029174,0.00972466,0.029174,0.00972466,0.029174,0.00972466
18,994.089,0.55902,0,3e-05,0.35309,0.88287,0.96956,0.95482,0.98991,0.89419,0,0,0,0,0.42198,0,1e-05,0.27456,0.79853,0.0290686,0.00968955,0.0290686,0.00968955,0.0290686,0.00968955,0.0290686,0.00968955
19,1059.07,0.55731,0,2e-05,0.35145,0.88203,0.97187,0.95874,0.99061,0.88954,0,0,0,0,0.44395,0,0,0.28587,0.79982,0.0289572,0.00965239,0.0289572,0.00965239,0.0289572,0.00965239,0.0289572,0.00965239
20,1113.81,0.55209,0,2e-05,0.3467,0.88039,0.96684,0.96668,0.9902,0.87116,0,0,0,0,0.49037,0,0,0.28236,0.80391,0.0288397,0.00961322,0.0288397,0.00961322,0.0288397,0.00961322,0.0288397,0.00961322
21,1169.57,0.54923,0,2e-05,0.34457,0.88022,0.96611,0.96505,0.99045,0.89297,0,0,0,0,0.42746,0,0,0.26373,0.79728,0.0287162,0.00957205,0.0287162,0.00957205,0.0287162,0.00957205,0.0287162,0.00957205
22,1223.39,0.53988,0,1e-05,0.34104,0.87816,0.96918,0.96015,0.98983,0.89165,0,0,0,0,0.43228,0,0,0.26703,0.79902,0.0285867,0.00952889,0.0285867,0.00952889,0.0285867,0.00952889,0.0285867,0.00952889
23,1279.75,0.5367,0,0,0.33746,0.87654,0.96686,0.96526,0.99112,0.89481,0,0,0,0,0.41892,0,0.00017,0.26404,0.79714,0.0284513,0.00948377,0.0284513,0.00948377,0.0284513,0.00948377,0.0284513,0.00948377
24,1334.25,0.53352,0,1e-05,0.33672,0.87564,0.96093,0.96725,0.99074,0.89905,0,0,0,0,0.409,0,1e-05,0.26227,0.79536,0.0283101,0.00943671,0.0283101,0.00943671,0.0283101,0.00943671,0.0283101,0.00943671
25,1388.31,0.5309,0,2e-05,0.33506,0.87528,0.96283,0.96685,0.99032,0.89969,0,0,0,0,0.40764,0,2e-05,0.26045,0.79507,0.0281632,0.00938772,0.0281632,0.00938772,0.0281632,0.00938772,0.0281632,0.00938772
26,1449.49,0.53144,0,0,0.33263,0.87487,0.96306,0.9702,0.99132,0.8964,0,0,0,0,0.42461,0,0.00024,0.25978,0.79546,0.0280105,0.00933683,0.0280105,0.00933683,0.0280105,0.00933683,0.0280105,0.00933683
27,1500.21,0.52426,0,0,0.33163,0.87342,0.97177,0.96209,0.99114,0.88834,0,0,0,0,0.43413,0,0.00021,0.2607,0.79635,0.0278522,0.00928405,0.0278522,0.00928405,0.0278522,0.00928405,0.0278522,0.00928405
28,1553.54,0.51978,0,0,0.32672,0.87244,0.96881,0.96407,0.99169,0.89608,0,0,0,0,0.42345,0,2e-05,0.25836,0.7952,0.0276883,0.00922942,0.0276883,0.00922942,0.0276883,0.00922942,0.0276883,0.00922942
29,1606.38,0.51805,0,0,0.32664,0.87206,0.9744,0.95977,0.99147,0.8991,0,0,0,0,0.41542,0,0.00014,0.25281,0.79315,0.0275189,0.00917296,0.0275189,0.00917296,0.0275189,0.00917296,0.0275189,0.00917296
30,1674.66,0.51597,0,1e-05,0.32491,0.86844,0.96997,0.96244,0.99119,0.89754,0,0,0,0,0.4195,0,0.00016,0.25116,0.79433,0.0273441,0.00911469,0.0273441,0.00911469,0.0273441,0.00911469,0.0273441,0.00911469
31,1913.25,0.51218,0,0,0.32213,0.87109,0.96818,0.96585,0.99129,0.9065,0,0,0,0,0.38238,0,0,0.2441,0.79146,0.0271639,0.00905463,0.0271639,0.00905463,0.0271639,0.00905463,0.0271639,0.00905463
32,2082.18,0.51304,0,0,0.32149,0.87028,0.9692,0.96534,0.99164,0.90737,0,0,0,0,0.38424,0,1e-05,0.24126,0.79216,0.0269785,0.00899282,0.0269785,0.00899282,0.0269785,0.00899282,0.0269785,0.00899282
33,2301.95,0.50668,0,1e-05,0.31852,0.86901,0.96523,0.9702,0.99182,0.90549,0,0,0,0,0.39509,0,3e-05,0.24196,0.79241,0.0267878,0.00892928,0.0267878,0.00892928,0.0267878,0.00892928,0.0267878,0.00892928
34,2521.68,0.50269,0,0,0.31671,0.86795,0.96839,0.96808,0.99154,0.90282,0,0,0,0,0.40048,0,0.0001,0.24326,0.79253,0.0265921,0.00886404,0.0265921,0.00886404,0.0265921,0.00886404,0.0265921,0.00886404
35,2746.98,0.50325,0,5e-05,0.31687,0.86698,0.97103,0.96344,0.99131,0.9052,0,0,0,0,0.39405,0,5e-05,0.2388,0.79118,0.0263914,0.00879713,0.0263914,0.00879713,0.0263914,0.00879713,0.0263914,0.00879713
36,3000.99,0.50009,0,0,0.3137,0.8686,0.96673,0.96854,0.99148,0.90666,0,0,0,0,0.3871,0,0,0.23654,0.79199,0.0261857,0.00872857,0.0261857,0.00872857,0.0261857,0.00872857,0.0261857,0.00872857
37,3083.24,0.50063,0,2e-05,0.31588,0.8668,0.97058,0.96552,0.99161,0.90877,0,0,0,0,0.38922,0,0,0.2351,0.79178,0.0259752,0.00865839,0.0259752,0.00865839,0.0259752,0.00865839,0.0259752,0.00865839
38,3140.01,0.49702,0,0,0.31091,0.86497,0.97263,0.96526,0.99174,0.9046,0,0,0,0,0.40303,0,2e-05,0.2358,0.79161,0.0257599,0.00858664,0.0257599,0.00858664,0.0257599,0.00858664,0.0257599,0.00858664
39,3195.74,0.49466,0,1e-05,0.30833,0.86555,0.97139,0.96384,0.9916,0.91126,0,0,0,0,0.37871,0,0,0.23374,0.78972,0.02554,0.00851333,0.02554,0.00851333,0.02554,0.00851333,0.02554,0.00851333
40,3253.04,0.49278,0,0,0.31001,0.86539,0.96842,0.96879,0.99127,0.9056,0,0,0,0,0.39872,0,0,0.23488,0.78952,0.0253155,0.00843851,0.0253155,0.00843851,0.0253155,0.00843851,0.0253155,0.00843851
41,3307.7,0.48934,0,0,0.30673,0.86573,0.96735,0.96738,0.99142,0.90909,0,0,0,0,0.38465,0,5e-05,0.23601,0.78894,0.0250866,0.0083622,0.0250866,0.0083622,0.0250866,0.0083622,0.0250866,0.0083622
42,3362.87,0.48787,0,1e-05,0.30652,0.86452,0.97551,0.96217,0.99198,0.91486,0,0,0,0,0.36898,0,0,0.22897,0.78759,0.0248533,0.00828443,0.0248533,0.00828443,0.0248533,0.00828443,0.0248533,0.00828443
43,3416.03,0.48872,0,0,0.30582,0.86463,0.97189,0.96314,0.99176,0.91537,0,0,0,0,0.36798,0,0,0.23007,0.78769,0.0246157,0.00820525,0.0246157,0.00820525,0.0246157,0.00820525,0.0246157,0.00820525
44,3471.34,0.48482,0,0,0.30328,0.86049,0.97178,0.96438,0.99142,0.91375,0,0,0,0,0.36901,0,0,0.22635,0.7877,0.024374,0.00812468,0.024374,0.00812468,0.024374,0.00812468,0.024374,0.00812468
45,3523.72,0.4822,0,2e-05,0.30077,0.86101,0.97417,0.96422,0.99158,0.91131,0,0,0,0,0.38077,0,1e-05,0.22744,0.78879,0.0241283,0.00804277,0.0241283,0.00804277,0.0241283,0.00804277,0.0241283,0.00804277
46,3575.68,0.48303,0,0,0.30227,0.86178,0.97106,0.96685,0.99163,0.91577,0,0,0,0,0.36881,0,0,0.22445,0.78822,0.0238786,0.00795954,0.0238786,0.00795954,0.0238786,0.00795954,0.0238786,0.00795954
47,3627.93,0.47907,0,0,0.29897,0.86189,0.96984,0.96773,0.99175,0.9151,0,0,0,0,0.36497,0,0.00026,0.22408,0.78642,0.0236251,0.00787503,0.0236251,0.00787503,0.0236251,0.00787503,0.0236251,0.00787503
48,3680.12,0.47536,0,2e-05,0.2963,0.85856,0.97912,0.95904,0.99194,0.91752,0,0,0,0,0.36551,0,0.00076,0.22087,0.78524,0.0233679,0.00778929,0.0233679,0.00778929,0.0233679,0.00778929,0.0233679,0.00778929
49,3732.89,0.47256,0,0,0.29381,0.85878,0.96783,0.97089,0.99208,0.91678,0,0,0,0,0.36387,0,0.00064,0.22441,0.78648,0.023107,0.00770234,0.023107,0.00770234,0.023107,0.00770234,0.023107,0.00770234
50,3789.67,0.47177,0,0,0.29383,0.85675,0.97396,0.96579,0.99198,0.91617,0,0,0,0,0.36153,0,8e-05,0.2208,0.78574,0.0228427,0.00761423,0.0228427,0.00761423,0.0228427,0.00761423,0.0228427,0.00761423
51,3840.95,0.4673,0,0,0.29174,0.85648,0.96689,0.96985,0.99185,0.91935,0,0,0,0,0.35563,0,8e-05,0.22116,0.78586,0.022575,0.007525,0.022575,0.007525,0.022575,0.007525,0.022575,0.007525
52,3895.77,0.46909,0,0,0.29363,0.85768,0.9699,0.9659,0.99186,0.91526,0,0,0,0,0.37629,0,0.0005,0.22091,0.78708,0.022304,0.00743468,0.022304,0.00743468,0.022304,0.00743468,0.022304,0.00743468
53,3947.49,0.47129,0,0,0.29244,0.85814,0.96808,0.96896,0.99188,0.91589,0,0,0,0,0.37109,0,0.00015,0.21922,0.78609,0.0220299,0.00734332,0.0220299,0.00734332,0.0220299,0.00734332,0.0220299,0.00734332
54,3999.88,0.46992,0,1e-05,0.29322,0.85885,0.96535,0.96967,0.99134,0.91535,0,0,0,0,0.37148,0,0.00017,0.21922,0.78665,0.0217528,0.00725094,0.0217528,0.00725094,0.0217528,0.00725094,0.0217528,0.00725094
55,4052.59,0.4665,0,1e-05,0.28974,0.85736,0.97433,0.96377,0.99194,0.91856,0,0,0,0,0.35902,0,0.0003,0.2142,0.78504,0.0214728,0.00715761,0.0214728,0.00715761,0.0214728,0.00715761,0.0214728,0.00715761
56,4107.7,0.46456,0,0,0.28923,0.856,0.96845,0.96876,0.99182,0.9189,0,0,0,0,0.35667,0,0.00013,0.21414,0.78408,0.02119,0.00706335,0.02119,0.00706335,0.02119,0.00706335,0.02119,0.00706335
57,4164.85,0.46145,0,0,0.28729,0.85606,0.96744,0.97073,0.99212,0.91933,0,0,0,0,0.36493,0,0.00019,0.21663,0.78504,0.0209046,0.0069682,0.0209046,0.0069682,0.0209046,0.0069682,0.0209046,0.0069682
58,4217.1,0.45911,0,0,0.28529,0.85605,0.97087,0.96808,0.9913,0.91752,0,0,0,0,0.36515,0,1e-05,0.21476,0.78584,0.0206166,0.00687222,0.0206166,0.00687222,0.0206166,0.00687222,0.0206166,0.00687222
59,4268.63,0.46123,0,0,0.28731,0.85686,0.96915,0.96914,0.99176,0.9193,0,0,0,0,0.36213,0,0,0.2132,0.785,0.0203263,0.00677543,0.0203263,0.00677543,0.0203263,0.00677543,0.0203263,0.00677543
60,4323.13,0.45605,0,0,0.28521,0.85428,0.97195,0.96791,0.99188,0.91962,0,0,0,0,0.35767,0,0,0.2128,0.78431,0.0200337,0.00667789,0.0200337,0.00667789,0.0200337,0.00667789,0.0200337,0.00667789
61,4375.11,0.45257,0,1e-05,0.28081,0.85392,0.97202,0.96782,0.99185,0.92086,0,0,0,0,0.35525,0,0.00023,0.21024,0.78469,0.0197389,0.00657963,0.0197389,0.00657963,0.0197389,0.00657963,0.0197389,0.00657963
62,4426.63,0.45478,0,0,0.28194,0.85543,0.97038,0.97067,0.99204,0.9214,0,0,0,0,0.35309,0,0,0.20952,0.78388,0.0194421,0.00648071,0.0194421,0.00648071,0.0194421,0.00648071,0.0194421,0.00648071
63,4480.68,0.45363,0,0,0.28163,0.85686,0.96943,0.97161,0.99215,0.92081,0,0,0,0,0.35126,0,9e-05,0.21039,0.78422,0.0191435,0.00638115,0.0191435,0.00638115,0.0191435,0.00638115,0.0191435,0.00638115
64,4529.99,0.45344,0,0,0.28068,0.85276,0.96674,0.97379,0.99212,0.9224,0,0,0,0,0.34597,0,0.00032,0.20757,0.78367,0.018843,0.00628101,0.018843,0.00628101,0.018843,0.00628101,0.018843,0.00628101
65,4587.51,0.44846,0,0,0.27744,0.85228,0.96813,0.97161,0.9919,0.92179,0,0,0,0,0.34303,0,0.00055,0.2074,0.78245,0.018541,0.00618034,0.018541,0.00618034,0.018541,0.00618034,0.018541,0.00618034
66,4642.44,0.44779,0,0,0.27839,0.85396,0.96918,0.97025,0.99214,0.92151,0,0,0,0,0.3475,0,0.00042,0.207,0.78273,0.0182375,0.00607916,0.0182375,0.00607916,0.0182375,0.00607916,0.0182375,0.00607916
67,4700.44,0.4495,0,0,0.27877,0.8523,0.97126,0.97142,0.99209,0.92177,0,0,0,0,0.34374,0,0.0004,0.20466,0.78219,0.0179326,0.00597754,0.0179326,0.00597754,0.0179326,0.00597754,0.0179326,0.00597754
68,4754.58,0.44912,0,0,0.27874,0.85247,0.96875,0.97303,0.99206,0.92296,0,0,0,0,0.34756,0,0.00018,0.20594,0.7828,0.0176265,0.00587551,0.0176265,0.00587551,0.0176265,0.00587551,0.0176265,0.00587551
69,4809.02,0.44815,0,0,0.27724,0.85424,0.97006,0.97196,0.99193,0.92294,0,0,0,0,0.3467,0,1e-05,0.20592,0.7828,0.0173193,0.00577311,0.0173193,0.00577311,0.0173193,0.00577311,0.0173193,0.00577311
70,4863.43,0.44234,0,4e-05,0.27512,0.85115,0.96971,0.97091,0.99205,0.92093,0,0,0,0,0.35164,0,0,0.20787,0.7836,0.0170112,0.0056704,0.0170112,0.0056704,0.0170112,0.0056704,0.0170112,0.0056704
71,4919.78,0.44253,0,0,0.27425,0.85222,0.96867,0.97284,0.99204,0.9215,0,0,0,0,0.34719,0,0,0.20533,0.78256,0.0167022,0.00556742,0.0167022,0.00556742,0.0167022,0.00556742,0.0167022,0.00556742
72,4973.98,0.43883,0,0,0.27262,0.85113,0.96841,0.97289,0.9923,0.92098,0,0,0,0,0.34743,0,0,0.20554,0.78288,0.0163926,0.00546421,0.0163926,0.00546421,0.0163926,0.00546421,0.0163926,0.00546421
73,5030.86,0.43259,0,0,0.2702,0.85017,0.97021,0.97046,0.99235,0.92212,0,0,0,0,0.34852,0,0,0.20553,0.78213,0.0160824,0.00536081,0.0160824,0.00536081,0.0160824,0.00536081,0.0160824,0.00536081
74,5083.24,0.43831,0,0,0.2712,0.84934,0.97019,0.97249,0.99228,0.9231,0,0,0,0,0.34493,0,0,0.20348,0.78197,0.0157719,0.00525728,0.0157719,0.00525728,0.0157719,0.00525728,0.0157719,0.00525728
75,5135.47,0.43561,0,0,0.26811,0.8493,0.97106,0.97021,0.99229,0.92248,0,0,0,0,0.3451,0,0,0.2018,0.78224,0.015461,0.00515366,0.015461,0.00515366,0.015461,0.00515366,0.015461,0.00515366
76,5187.33,0.43477,0,0,0.2696,0.84882,0.97008,0.97206,0.99234,0.92291,0,0,0,0,0.34146,0,0,0.20072,0.78213,0.01515,0.00505,0.01515,0.00505,0.01515,0.00505,0.01515,0.00505
77,5240.39,0.43027,0,0,0.26704,0.84943,0.96912,0.97388,0.99237,0.9242,0,0,0,0,0.33899,0,0,0.201,0.78208,0.014839,0.00494634,0.014839,0.00494634,0.014839,0.00494634,0.014839,0.00494634
78,5294.22,0.43155,0,2e-05,0.26813,0.84883,0.96797,0.9751,0.99236,0.92554,0,0,0,0,0.33644,0,0,0.20004,0.78204,0.0145281,0.00484272,0.0145281,0.00484272,0.0145281,0.00484272,0.0145281,0.00484272
79,5344.01,0.43268,0,0,0.26736,0.84996,0.96959,0.97284,0.99231,0.92548,0,0,0,0,0.33635,0,0,0.19929,0.78222,0.0142176,0.00473919,0.0142176,0.00473919,0.0142176,0.00473919,0.0142176,0.00473919
80,5398.02,0.43009,0,1e-05,0.26601,0.84958,0.97027,0.97263,0.99243,0.92561,0,0,0,0,0.33666,0,0,0.19896,0.78217,0.0139074,0.00463579,0.0139074,0.00463579,0.0139074,0.00463579,0.0139074,0.00463579
81,5452.66,0.42493,0,2e-05,0.26362,0.84641,0.96959,0.97273,0.99237,0.92553,0,0,0,0,0.33572,0,0,0.19763,0.7819,0.0135978,0.00453258,0.0135978,0.00453258,0.0135978,0.00453258,0.0135978,0.00453258
82,5507.13,0.42297,0,0,0.26256,0.84538,0.96977,0.97305,0.99239,0.92598,0,0,0,0,0.33441,0,0,0.19766,0.78135,0.0132888,0.0044296,0.0132888,0.0044296,0.0132888,0.0044296,0.0132888,0.0044296
83,5560.45,0.42353,0,0,0.26019,0.84659,0.97008,0.97302,0.99242,0.92745,0,0,0,0,0.33411,0,0,0.19715,0.78098,0.0129807,0.00432689,0.0129807,0.00432689,0.0129807,0.00432689,0.0129807,0.00432689
84,5611.2,0.42171,0,1e-05,0.26088,0.84744,0.97247,0.97038,0.99244,0.92677,0,0,0,0,0.33424,0,0,0.19699,0.78099,0.0126735,0.00422449,0.0126735,0.00422449,0.0126735,0.00422449,0.0126735,0.00422449
85,5664.29,0.42243,0,1e-05,0.26021,0.84636,0.97242,0.96978,0.99245,0.92673,0,0,0,0,0.33324,0,0,0.19664,0.78058,0.0123674,0.00412246,0.0123674,0.00412246,0.0123674,0.00412246,0.0123674,0.00412246
86,5716.79,0.41968,0,1e-05,0.25955,0.84566,0.96995,0.97316,0.99246,0.92698,0,0,0,0,0.33234,0,0,0.19588,0.78029,0.0120625,0.00402084,0.0120625,0.00402084,0.0120625,0.00402084,0.0120625,0.00402084
87,5768.31,0.4183,0,0,0.25673,0.84543,0.97062,0.9729,0.99247,0.92708,0,0,0,0,0.33143,0,0,0.19546,0.78006,0.011759,0.00391966,0.011759,0.00391966,0.011759,0.00391966,0.011759,0.00391966
88,5817.69,0.41743,0,0,0.2569,0.84408,0.97165,0.97179,0.9925,0.92772,0,0,0,0,0.33171,0,0,0.19551,0.77995,0.011457,0.00381899,0.011457,0.00381899,0.011457,0.00381899,0.011457,0.00381899
89,5867.08,0.41497,0,4e-05,0.25607,0.84527,0.97157,0.97161,0.99245,0.92758,0,0,0,0,0.33206,0,0,0.19561,0.78007,0.0111565,0.00371885,0.0111565,0.00371885,0.0111565,0.00371885,0.0111565,0.00371885
90,5918.88,0.41609,0,0,0.25659,0.844,0.97194,0.9709,0.99245,0.92683,0,0,0,0,0.33285,0,0,0.1956,0.78015,0.0108579,0.00361929,0.0108579,0.00361929,0.0108579,0.00361929,0.0108579,0.00361929
91,5970.55,0.41347,0,0,0.25411,0.84364,0.97205,0.97002,0.99248,0.92696,0,0,0,0,0.33276,0,0,0.19486,0.78002,0.0105611,0.00352037,0.0105611,0.00352037,0.0105611,0.00352037,0.0105611,0.00352037
92,6020.43,0.41022,0,0,0.25494,0.84477,0.97208,0.96999,0.99244,0.92713,0,0,0,0,0.33201,0,0,0.19451,0.77983,0.0102663,0.00342211,0.0102663,0.00342211,0.0102663,0.00342211,0.0102663,0.00342211
93,6072.62,0.4108,0,0,0.25167,0.84383,0.97264,0.96896,0.9924,0.92693,0,0,0,0,0.33142,0,0,0.19378,0.77983,0.00997371,0.00332457,0.00997371,0.00332457,0.00997371,0.00332457,0.00997371,0.00332457
94,6127.26,0.409,0,0,0.25164,0.84419,0.97273,0.96866,0.99241,0.92718,0,0,0,0,0.3312,0,0,0.19355,0.77978,0.00968335,0.00322778,0.00968335,0.00322778,0.00968335,0.00322778,0.00968335,0.00322778
95,6178.49,0.40952,0,3e-05,0.25113,0.84285,0.97365,0.96773,0.99236,0.92727,0,0,0,0,0.331,0,0,0.19333,0.77968,0.00939539,0.0031318,0.00939539,0.0031318,0.00939539,0.0031318,0.00939539,0.0031318
96,6229.68,0.40463,0,0,0.24796,0.8419,0.97622,0.96632,0.99233,0.92721,0,0,0,0,0.3309,0,0,0.19344,0.77963,0.00910996,0.00303665,0.00910996,0.00303665,0.00910996,0.00303665,0.00910996,0.00303665
97,6281.46,0.4032,0,0,0.24753,0.84064,0.97125,0.97002,0.99232,0.92734,0,0,0,0,0.33091,0,0,0.19298,0.77972,0.00882718,0.00294239,0.00882718,0.00294239,0.00882718,0.00294239,0.00882718,0.00294239
98,6333.12,0.40222,0,0,0.24785,0.83944,0.97107,0.97055,0.99235,0.92735,0,0,0,0,0.33102,0,0,0.19248,0.77978,0.00854717,0.00284906,0.00854717,0.00284906,0.00854717,0.00284906,0.00854717,0.00284906
99,6387.92,0.39957,0,0,0.24657,0.84049,0.97091,0.9709,0.99235,0.9274,0,0,0,0,0.33118,0,1e-05,0.19258,0.77978,0.00827005,0.00275668,0.00827005,0.00275668,0.00827005,0.00275668,0.00827005,0.00275668
100,6442.81,0.39807,0,0,0.24616,0.84212,0.97174,0.97016,0.99231,0.92743,0,0,0,0,0.33119,0,2e-05,0.19275,0.77972,0.00799596,0.00266532,0.00799596,0.00266532,0.00799596,0.00266532,0.00799596,0.00266532
101,6495.73,0.39625,0,0,0.24371,0.83987,0.96991,0.97183,0.9923,0.92744,0,0,0,0,0.33103,0,3e-05,0.19262,0.77968,0.007725,0.002575,0.007725,0.002575,0.007725,0.002575,0.007725,0.002575
102,6546.72,0.39617,0,5e-05,0.24341,0.8402,0.97174,0.97019,0.99229,0.92764,0,0,0,0,0.33103,0,4e-05,0.19247,0.77965,0.0074573,0.00248577,0.0074573,0.00248577,0.0074573,0.00248577,0.0074573,0.00248577
103,6599.14,0.39663,0,0,0.24281,0.83911,0.97225,0.97,0.99231,0.92829,0,0,0,0,0.3303,0,3e-05,0.1924,0.77957,0.00719297,0.00239766,0.00719297,0.00239766,0.00719297,0.00239766,0.00719297,0.00239766
104,6648.86,0.39457,0,0,0.24297,0.83977,0.97246,0.9702,0.9924,0.92889,0,0,0,0,0.32994,0,4e-05,0.19235,0.77956,0.00693214,0.00231071,0.00693214,0.00231071,0.00693214,0.00231071,0.00693214,0.00231071
105,6702.92,0.39499,0,0,0.24202,0.84009,0.96792,0.97531,0.99242,0.92943,0,0,0,0,0.32973,0,1e-05,0.19246,0.77952,0.0066749,0.00222497,0.0066749,0.00222497,0.0066749,0.00222497,0.0066749,0.00222497
106,6753.97,0.39206,0,0,0.24053,0.83993,0.96921,0.9739,0.9924,0.92828,0,0,0,0,0.32926,0,1e-05,0.19222,0.77948,0.00642139,0.00214046,0.00642139,0.00214046,0.00642139,0.00214046,0.00642139,0.00214046
107,6804.02,0.3907,0,0,0.23852,0.83931,0.97029,0.97315,0.99243,0.92963,0,0,0,0,0.32923,0,1e-05,0.19201,0.77949,0.0061717,0.00205723,0.0061717,0.00205723,0.0061717,0.00205723,0.0061717,0.00205723
108,6853.7,0.38827,0,0,0.2371,0.83843,0.97006,0.97302,0.99244,0.93004,0,0,0,0,0.32886,0,0,0.19188,0.77947,0.00592596,0.00197532,0.00592596,0.00197532,0.00592596,0.00197532,0.00592596,0.00197532
109,6906.74,0.38947,0,0,0.23876,0.83919,0.97327,0.96962,0.99243,0.9299,0,0,0,0,0.32834,0,0,0.19173,0.77943,0.00568425,0.00189475,0.00568425,0.00189475,0.00568425,0.00189475,0.00568425,0.00189475
110,6960.83,0.38766,0,0,0.23686,0.83669,0.9701,0.97271,0.99242,0.92878,0,0,0,0,0.32827,0,0,0.19144,0.77935,0.0054467,0.00181557,0.0054467,0.00181557,0.0054467,0.00181557,0.0054467,0.00181557
111,7016.25,0.38599,0,0,0.23558,0.83706,0.97014,0.97267,0.99243,0.92914,0,0,0,0,0.32816,0,0,0.1913,0.77935,0.00521341,0.0017378,0.00521341,0.0017378,0.00521341,0.0017378,0.00521341,0.0017378
112,7073.14,0.38396,0,0,0.23485,0.83674,0.96995,0.97249,0.9924,0.92864,0,0,0,0,0.32798,0,0,0.19124,0.77928,0.00498448,0.00166149,0.00498448,0.00166149,0.00498448,0.00166149,0.00498448,0.00166149
113,7128.83,0.38396,0,0,0.23493,0.83743,0.96998,0.97249,0.99242,0.92929,0,0,0,0,0.32798,0,0,0.19089,0.77921,0.00476,0.00158667,0.00476,0.00158667,0.00476,0.00158667,0.00476,0.00158667
114,7185.42,0.38262,0,0,0.2335,0.83632,0.9699,0.97249,0.99239,0.92935,0,0,0,0,0.32785,0,0,0.19059,0.77915,0.00454008,0.00151336,0.00454008,0.00151336,0.00454008,0.00151336,0.00454008,0.00151336
115,7241.18,0.38232,0,0,0.2343,0.83704,0.96998,0.97232,0.99238,0.9294,0,0,0,0,0.32782,0,0,0.19045,0.77916,0.00432482,0.00144161,0.00432482,0.00144161,0.00432482,0.00144161,0.00432482,0.00144161
116,7296.58,0.37893,0,0,0.23197,0.83798,0.96993,0.97255,0.9924,0.9293,0,0,0,0,0.32778,0,0,0.19024,0.7792,0.0041143,0.00137143,0.0041143,0.00137143,0.0041143,0.00137143,0.0041143,0.00137143
117,7353.8,0.37828,0,0,0.23078,0.83723,0.97059,0.972,0.99241,0.92923,0,0,0,0,0.32749,0,0,0.19015,0.77917,0.00390862,0.00130287,0.00390862,0.00130287,0.00390862,0.00130287,0.00390862,0.00130287
118,7406.27,0.37639,0,0,0.2289,0.83642,0.97019,0.97249,0.99242,0.92937,0,0,0,0,0.32729,0,0,0.18974,0.77916,0.00370788,0.00123596,0.00370788,0.00123596,0.00370788,0.00123596,0.00370788,0.00123596
119,7459.02,0.37677,0,0,0.2302,0.83655,0.97074,0.97196,0.9924,0.92952,0,0,0,0,0.32719,0,0,0.18965,0.77918,0.00351215,0.00117072,0.00351215,0.00117072,0.00351215,0.00117072,0.00351215,0.00117072
120,7511.88,0.37757,0,0,0.23024,0.8357,0.97026,0.9722,0.99239,0.92945,0,0,0,0,0.32682,0,0,0.18969,0.77914,0.00332153,0.00110718,0.00332153,0.00110718,0.00332153,0.00110718,0.00332153,0.00110718
121,7565.05,0.3746,0,0,0.22795,0.8359,0.97038,0.97179,0.99235,0.92953,0,0,0,0,0.32669,0,0,0.18954,0.77912,0.0031361,0.00104537,0.0031361,0.00104537,0.0031361,0.00104537,0.0031361,0.00104537
122,7618.67,0.37626,0,0,0.2288,0.83648,0.96977,0.97284,0.99236,0.93014,0,0,0,0,0.32651,0,0,0.18922,0.77912,0.00295593,0.000985311,0.00295593,0.000985311,0.00295593,0.000985311,0.00295593,0.000985311
123,7672.71,0.37388,0,0,0.22732,0.83493,0.9696,0.97299,0.99235,0.92946,0,0,0,0,0.3264,0,0,0.18919,0.77912,0.00278112,0.00092704,0.00278112,0.00092704,0.00278112,0.00092704,0.00278112,0.00092704
124,7726.95,0.37044,0,0,0.22611,0.83569,0.96952,0.97302,0.99233,0.93008,0,0,0,0,0.32629,0,0,0.18913,0.77904,0.00261173,0.000870577,0.00261173,0.000870577,0.00261173,0.000870577,0.00261173,0.000870577
125,7779.96,0.3731,0,0,0.22696,0.83627,0.96954,0.97302,0.99235,0.93006,0,0,0,0,0.32602,0,0,0.18902,0.77901,0.00244784,0.000815947,0.00244784,0.000815947,0.00244784,0.000815947,0.00244784,0.000815947
126,7834.23,0.36712,0,0,0.22428,0.8332,0.97004,0.97267,0.99234,0.93015,0,0,0,0,0.32602,0,0,0.18896,0.779,0.00228952,0.000763174,0.00228952,0.000763174,0.00228952,0.000763174,0.00228952,0.000763174
127,7887.67,0.37073,0,0,0.22423,0.8349,0.96994,0.97283,0.99233,0.93018,0,0,0,0,0.32596,0,0,0.18876,0.779,0.00213685,0.000712282,0.00213685,0.000712282,0.00213685,0.000712282,0.00213685,0.000712282
128,7943.85,0.36822,0,0,0.22391,0.83568,0.96977,0.97301,0.99234,0.93079,0,0,0,0,0.32584,0,0,0.18858,0.77894,0.00198988,0.000663292,0.00198988,0.000663292,0.00198988,0.000663292,0.00198988,0.000663292
129,7999.7,0.36603,0,0,0.22235,0.8338,0.96978,0.97328,0.99233,0.93013,0,0,0,0,0.32582,0,0,0.18856,0.77895,0.00184868,0.000616227,0.00184868,0.000616227,0.00184868,0.000616227,0.00184868,0.000616227
130,8054.05,0.36548,0,0,0.22161,0.83544,0.96961,0.97347,0.99233,0.92987,0,0,0,0,0.32583,0,0,0.1885,0.77893,0.00171332,0.000571106,0.00171332,0.000571106,0.00171332,0.000571106,0.00171332,0.000571106
131,8108.16,0.3662,0,0,0.22179,0.83464,0.96942,0.97425,0.99232,0.93091,0,0,0,0,0.32552,0,0,0.18838,0.77895,0.00158385,0.00052795,0.00158385,0.00052795,0.00158385,0.00052795,0.00158385,0.00052795
132,8163.38,0.36556,0,1e-05,0.22055,0.83387,0.96897,0.97425,0.99233,0.93019,0,0,0,0,0.32544,0,0,0.18829,0.77894,0.00146033,0.000486777,0.00146033,0.000486777,0.00146033,0.000486777,0.00146033,0.000486777
133,8225.62,0.36309,0,0,0.22042,0.83493,0.96952,0.97355,0.99232,0.93013,0,0,0,0,0.32543,0,0,0.18823,0.77893,0.00134282,0.000447606,0.00134282,0.000447606,0.00134282,0.000447606,0.00134282,0.000447606
134,8286.18,0.36615,0,0,0.22263,0.8342,0.96879,0.97425,0.99234,0.93084,0,0,0,0,0.32544,0,0,0.18828,0.77893,0.00123136,0.000410454,0.00123136,0.000410454,0.00123136,0.000410454,0.00123136,0.000410454
135,8349.98,0.36387,0,0,0.21971,0.83334,0.96849,0.97478,0.99233,0.93003,0,0,0,0,0.32534,0,0,0.1883,0.77896,0.00112601,0.000375337,0.00112601,0.000375337,0.00112601,0.000375337,0.00112601,0.000375337
136,8412.33,0.3619,0,0,0.21906,0.83242,0.9683,0.97478,0.99234,0.93086,0,0,0,0,0.32532,0,0,0.18797,0.77898,0.00102681,0.00034227,0.00102681,0.00034227,0.00102681,0.00034227,0.00102681,0.00034227
137,8477.42,0.36159,0,0,0.21889,0.83306,0.97108,0.97112,0.99234,0.93024,0,0,0,0,0.32532,0,0,0.18816,0.77895,0.000933805,0.000311268,0.000933805,0.000311268,0.000933805,0.000311268,0.000933805,0.000311268
138,8538.09,0.35837,0,0,0.21612,0.83268,0.97139,0.97073,0.99233,0.93035,0,0,0,0,0.32529,0,0,0.18808,0.77896,0.000847036,0.000282345,0.000847036,0.000282345,0.000847036,0.000282345,0.000847036,0.000282345
139,8602.29,0.36298,0,0,0.21838,0.83462,0.97125,0.97083,0.99233,0.93011,0,0,0,0,0.32506,0,0,0.18801,0.77896,0.00076654,0.000255513,0.00076654,0.000255513,0.00076654,0.000255513,0.00076654,0.000255513
140,8663.65,0.35758,0,0,0.21653,0.8322,0.97097,0.97108,0.99234,0.9304,0,0,0,0,0.32499,0,0,0.188,0.77895,0.000692353,0.000230784,0.000692353,0.000230784,0.000692353,0.000230784,0.000692353,0.000230784
141,8748.09,0.30021,0,0,0.17767,0.78915,0.96849,0.97496,0.99235,0.93031,0,0,0,0,0.32501,0,0,0.18798,0.77896,0.000624508,0.000208169,0.000624508,0.000208169,0.000624508,0.000208169,0.000624508,0.000208169
142,8809.4,0.29792,0,0,0.17607,0.79091,0.96861,0.97496,0.99234,0.93009,0,0,0,0,0.32504,0,0,0.18791,0.77899,0.000563034,0.000187678,0.000563034,0.000187678,0.000563034,0.000187678,0.000563034,0.000187678
143,8873.41,0.29729,0,0,0.1761,0.78902,0.96865,0.97496,0.99235,0.93036,0,0,0,0,0.32498,0,0,0.18758,0.77901,0.000507959,0.00016932,0.000507959,0.00016932,0.000507959,0.00016932,0.000507959,0.00016932
144,8935.55,0.29366,0,0,0.17378,0.78665,0.96882,0.97496,0.99235,0.93032,0,0,0,0,0.32492,0,0,0.18766,0.779,0.000459306,0.000153102,0.000459306,0.000153102,0.000459306,0.000153102,0.000459306,0.000153102
145,8998.52,0.29565,0,0,0.17426,0.79035,0.96881,0.97496,0.99234,0.92999,0,0,0,0,0.32482,0,0,0.18762,0.77899,0.000417097,0.000139032,0.000417097,0.000139032,0.000417097,0.000139032,0.000417097,0.000139032
146,9063.2,0.29376,0,0,0.17358,0.78863,0.96882,0.97518,0.99236,0.9296,0,0,0,0,0.32474,0,0,0.18749,0.77897,0.00038135,0.000127117,0.00038135,0.000127117,0.00038135,0.000127117,0.00038135,0.000127117
147,9126.12,0.29319,0,0,0.17262,0.78964,0.9688,0.97514,0.99236,0.93048,0,0,0,0,0.32467,0,0,0.18757,0.77896,0.000352081,0.00011736,0.000352081,0.00011736,0.000352081,0.00011736,0.000352081,0.00011736
148,9188.72,0.29204,0,0,0.17208,0.78788,0.96897,0.97514,0.99236,0.92959,0,0,0,0,0.32455,0,0,0.18749,0.77896,0.000329303,0.000109768,0.000329303,0.000109768,0.000329303,0.000109768,0.000329303,0.000109768
149,9250.58,0.2919,0,0,0.17214,0.78845,0.96864,0.97488,0.99234,0.93052,0,0,0,0,0.32456,0,0,0.18747,0.77895,0.000313026,0.000104342,0.000313026,0.000104342,0.000313026,0.000104342,0.000313026,0.000104342
150,9311.3,0.29099,0,0,0.17174,0.78793,0.96902,0.97478,0.99235,0.92979,0,0,0,0,0.32459,0,0,0.18739,0.77898,0.000303257,0.000101086,0.000303257,0.000101086,0.000303257,0.000101086,0.000303257,0.000101086
